{
  "counts": {
    "attempted": 300,
    "l2_eligible": 282,
    "l3_eligible": 118
  },
  "level1_accuracy": 0.94,
  "level2": {
    "tp": 110,
    "tn": 83,
    "fp": 61,
    "fn": 28,
    "precision": 0.6432748538011696,
    "recall": 0.7971014492753623,
    "f1": 0.7119741100323623,
    "tag_accuracy": 0.463768115942029,
    "action_accuracy": 0.6382978723404256,
    "primary_accuracy": 0.4078014184397163,
    "warn_type_accuracy_conditional": 0.463768115942029,
    "draft_route_accuracy_conditional": 0.3541666666666667,
    "joint_accuracy": 0.4078014184397163,
    "counts": {
      "n_expected_draft": 144,
      "n_expected_warn": 138
    }
  },
  "level3": {
    "pass_rate": 0.576271186440678,
    "intervention_pass_rate": 0.8,
    "control_recovery_pass_rate": 0.3448275862068966,
    "desired_action_accuracy": 0.8333333333333334,
    "counts": {
      "n_intervention_reaffirm": 60,
      "n_control_recovery": 58
    }
  },
  "guardian_score": 0.7295806855499352
}