{
  "counts": {
    "attempted": 300,
    "l2_eligible": 248,
    "l3_eligible": 192
  },
  "level1_accuracy": 0.8266666666666667,
  "level2": {
    "tp": 123,
    "tn": 18,
    "fp": 107,
    "fn": 0,
    "precision": 0.5347826086956522,
    "recall": 1.0,
    "f1": 0.6968838526912181,
    "tag_accuracy": 0.6910569105691057,
    "action_accuracy": 0.5604838709677419,
    "primary_accuracy": 0.39919354838709675,
    "warn_type_accuracy_conditional": 0.6910569105691057,
    "draft_route_accuracy_conditional": 0.112,
    "joint_accuracy": 0.39919354838709675,
    "counts": {
      "n_expected_draft": 125,
      "n_expected_warn": 123
    }
  },
  "level3": {
    "pass_rate": 0.4895833333333333,
    "intervention_pass_rate": 0.9882352941176471,
    "control_recovery_pass_rate": 0.09345794392523364,
    "desired_action_accuracy": 0.6733333333333333,
    "counts": {
      "n_intervention_reaffirm": 85,
      "n_control_recovery": 107
    }
  },
  "guardian_score": 0.7142146036297473
}